{
    "joint_names": [
      "shoulder_pan",
      "shoulder_lift",
      "elbow_flex",
      "wrist_flex",
      "wrist_roll",
      "gripper"
    ],
    "offsets": [
      2056.9999994423565,
      4183.320862390514,
      905.2921503067046,
      1071.8758666561362,
      3121.997457105149,
      1870.4309751804565
    ],
    "scales": [
      651.8986469044033,
      651.8986469044033,
      651.8986469044033,
      651.8986469044033,
      651.8986469044033,
      651.8986469044033
    ],
    "directions": [
      1.0,
      1.0,
      1.0,
      1.0,
      1.0,
      1.0
    ],
    "sim_rest_qpos": {
      "shoulder_pan": 8.554143758417244e-10,
      "shoulder_lift": -3.32002662172713,
      "elbow_flex": 3.118134788813849,
      "wrist_flex": 1.1813556248365669,
      "wrist_roll": 3.900751847099726e-06,
      "gripper": -0.17400093667795333
    },
    "description": "Mapping from MuJoCo simulation to real SO-100 robot"
  }